Id,Nome,Cognome,Telfono,Indirizzo,Cap,Citta,Provincia,Regione,Stato
1301,BRACCINI            MICHELA,,3492637698,VLE ITALIA,57023,LI,,ITALY,
1302,LASTRUCCI           DINO,,3389000665,V   SPALLANZANI,57016,LI,,ITALY,
1303,BARBAGALLO,,3455961957,VIA PIO XII,57016,LI,,ITALY,
1304,MISURI              CHIARA,,3387901578,V   CATALANI,57016,LI,,ITALY,
1305,ASERO               MARIA,,3394082103,V   VERDI,57023,LI,,ITALY,
1306,ANGELICOLA GIUSEPPE,,3394475752,LEONARDO DA VINCI 16,57020,LI,,ITALY,
1307,MARZINI             PIERINA,,3289217180,VLE RESISTENZA,57016,LI,,ITALY,
1308,DI COSTANZO         PIETRO,,3398956020,V   DON MINZONI,57023,LI,,ITALY,
1309,DATTOLO             MICHELE,,3355376284,V   POGGETTO,57016,LI,,ITALY,
1310,VALLA CRISTINA,,3383582685,V   ASMARA,57016,LI,,ITALY,
1311,VECCHIO,,3405575247,VIA MANZONI 12,57023,LI,,ITALY,
1312,ARRIGO              SALVATORE,,3478903522,V   APORTI,57016,LI,,ITALY,
1313,BILLI,,3382077306,VIA VAL DI CECINA 4,57023,LI,,ITALY,
1314,LUIGI,,3402754372,CORSO MATTEOTTI 317,57023,LI,,ITALY,
1315,IODICE              GIACOMO,,3405095253,V   PINETA MARRADI,57016,LI,,ITALY,
1316,TOSCANO             ANNA MARIA,,3283737689,V   CAD DI CEFALONI,57023,LI,,ITALY,
1317,CERBONESCHI         VALENTINA,,3473808806,VCO BARGILLI,57023,LI,,ITALY,
1318,SIMONCINI           SILVIA,,3474002604,V   DA GIUSSANO,57023,LI,,ITALY,
1319,D'ANTILIO           FEDERICA,,3472305229,V   DA VINCI,57023,LI,,ITALY,
1320,NUTI                FRANCA,,3355378380,V   TORINO,57016,LI,,ITALY,
1321,RICOTTA ELENA,,3393332469,V   LUPO,57016,LI,,ITALY,
1322,BONVINI             ISABELLA,,3477714545,V   LORENZINI,57016,LI,,ITALY,
1323,COSTAGLI            RITA,,3478113267,V   DONIZETTI,57016,LI,,ITALY,
1324,COSTAGLIOLA         ALESSANDRO,,3497801974,V   PASUBIO,57023,LI,,ITALY,
1325,AGNESI              VITTORIA,,3488519548,V   FISICA CECINA,57023,LI,,ITALY,
1326,RUIS                FRANCESCO,,3398660185,V   OLMO,57023,LI,,ITALY,
1327,SPACCAPANICCIA      ENRICA,,3385406666,V   DEI SALICI,57016,LI,,ITALY,
1328,LEOTTA              MARIA TERESA,,3284576246,V   CAIROLI,57016,LI,,ITALY,
1329,MALTOMINI           GIACOMO,,3471390770,V   DEI SALICI,57016,LI,,ITALY,
1330,PONSI               MARIO,,3470476926,V   FERRUCCI,57023,LI,,ITALY,
1331,NANNINI             RAFFAELE,,3403278015,V   REPUBBLICA,57016,LI,,ITALY,
1332,BOZZALE             ANTONIO,,3426361822,V   NERUDA,57016,LI,,ITALY,
1333,RASPI               SONIA,,3475943495,V   AMENDOLA,57023,LI,,ITALY,
1334,Nencetti Giada,,3492307798,VIA PER ROSIGNANO,57018,LI,,ITALY,
1335,FERRETTI GIULIA,,3477635938,VIA ROMAGNOSI,57016,LI,,ITALY,
1336,GUERRAZZI           CATERINA,,3276685429,V   SICILIANI,57016,LI,,ITALY,
1337,PAOLO,,3481156222,MANCA,57023,LI,,ITALY,
1338,Omar,,3480012840,VIA MATTEOTTI,57023,LI,,ITALY,
1339,FRANCESCO LOLLERINI,,3400945958,MANCA,57023,LI,,ITALY,
1340,ANDOLFI             CRISTINA,,3939088227,V   POLA,57023,LI,,ITALY,
1341,CECILIA INCAGLI,,3771034756,VIA PACINOTTI 5,57023,LI,,ITALY,
1342,BOLLINO             ALESSIO,,3664257086,V   MONTEVECCHI,57023,LI,,ITALY,
1343,NENCINI             GRETA,,3498313766,V   CIMAROSA,57023,LI,,ITALY,
1344,CHELLI              SIMONA,,3496358032,V   ALLENDE,57023,LI,,ITALY,
1345,Bucalossi Valentina,,3492547936,VIA PELLICO 9,57023,LI,,ITALY,
1346,CECCARELLI          CARLO,,3491821874,V   MAMELI,57023,LI,,ITALY,
1347,Giannetti Veronica,,3491233698,VIA DEI MANDORLI,57023,LI,,ITALY,
1348,SANTI               FRANCESCA,,3489104081,V   BRODOLINI,57023,LI,,ITALY,
1349,SERGIO,,3487848093,VIA XXIV MAGGIO 9,57023,LI,,ITALY,
1350,BEPPE,,3478310497,VIA MONTANARA,57023,LI,,ITALY,
1351,Valori Luigi,,3477320862,VIA MONTESANTO 19,57023,LI,,ITALY,
1352,DEL CHERICO         LAURA,,3476532771,VIA SABOTINO,57023,LI,,ITALY,
1353,DALCANTO CARLA,,3476500548,VICOLO TANARO,57023,LI,,ITALY,
1354,ALESSANDRO,,3471519685,VIA CARLO GINORI 55,57023,LI,,ITALY,
1355,Chiara,,3471080349,VIA GOZZOLI,57023,LI,,ITALY,
1356,Ridolfi Valentina,,3470828314,VIALE GALLIANO 38,57023,LI,,ITALY,
1357,francesco cavallini,,3470463004,VIA SUSA 19,57023,LI,,ITALY,
1358,ALESSANDRO,,3463653986,VIA PASUBIO,57023,LI,,ITALY,
1359,BESIANA,,3421296390,VIA DELLA BALDUCCIA 73,57016,LI,,ITALY,
1360,BOCCACCI            ERALDO,,3405518816,V   VESPUCCI,57023,LI,,ITALY,
1361,SIMONE,,3404719193,VIA MUSSELBURGH 13,57016,LI,,ITALY,
1362,CORNIGLIA           SILVANO,,3495843307,V   AURELIA,57017,LI,,ITALY,
1363,LUCA,,3470524172,VIA SAVONAROLA 16,57023,LI,,ITALY,
1364,BELLUCCI            CRISTINA,,3891882144,V   CIPRESSI,57016,LI,,ITALY,
1365,PERGOLARI           ROBERTO,,3803025994,V   VIII MARZO,57017,LI,,ITALY,
1366,STEFANO,,3480089493,VIC DEL POGGETTO,57016,LI,,ITALY,
1367,Elena*,,3479047402,VIA GOBETTI,57017,LI,,ITALY,
1368,LUPPICHINI,,3478822212,VIA C.A.DALLA CHIESA 37,57016,LI,,ITALY,
1369,ALESSANDRO,,3939350333,MANCA,57016,LI,,ITALY,
1370,CHIAPPE GASTON,,3926480208,MANCA,57016,LI,,ITALY,
1371,TERRANOVA           PIETRO,,3926442247,V   SAURO,57016,LI,,ITALY,
1372,MARCELLA,,3894630325,VIA DELLE CASETTE,57016,LI,,ITALY,
1373,ELISABETTA,,3807777177,Via Aurelia,57016,LI,,ITALY,
1374,Mainardi Michela,,3497540076,VIA ROSSINI,57023,LI,,ITALY,
1375,ADRIANA,,3496823711,VIA POGGIO DARCO GABBRO 123,57016,LI,,ITALY,
1376,DAVIDE,,3496048512,VIA ALLENDE,57016,LI,,ITALY,
1377,BOLOGNESI LAURA,,3496032320,VIA SERRAGRANDE,57016,LI,,ITALY,
1378,Bracaloni Gianna,,3493575704,VIA F.LLI VIVALDI,57016,LI,,ITALY,
1379,CASPRINI            PAOLO,,3491906543,V   AURELIA MONTE,57016,LI,,ITALY,
1380,FERRINI             DAVID,,3491285748,V   BOCCHERINI,57016,LI,,ITALY,
1381,PROIETTI AMEDEO,,3488269749,VIA AGOSTINO,57016,LI,,ITALY,
1382,TESI FRANCESCA,,3482427678,VIA AURELIA 589 A,57016,LI,,ITALY,
1383,NERI                LEONARDO,,3480161180,V   DI GIACOMO,57016,LI,,ITALY,
1384,Berrugi Martina,,3478010636,VIA NIEVO 22,57016,LI,,ITALY,
1385,GAGLIARDI           FRANCESCO,,3475473132,V   LEOPOLDO II,57016,LI,,ITALY,
1386,Razzauti Lorenzo,,3475418926,V   MANZONI,57023,LI,,ITALY,
1387,CALUCCINI           ROSA,,3474975424,LOC CHIAPPINO,57016,LI,,ITALY,
1388,YACHTSSERVICE,,3472904085,VIA MONTESSORI,57016,LI,,ITALY,
1389,Lidia,,3472512518,CORSO MATTEOTTI 288,57023,LI,,ITALY,
1390,TOMMASO TUDISCO,,3471625798,VIA MONTE SAN DANIELE 119,57023,LI,,ITALY,
1391,MARINI              LAURA,,3471408135,V   SERRAGRANDE,57016,LI,,ITALY,
1392,SANTO,,3459542051,VIA CALATAFIMI,57016,LI,,ITALY,
1393,COSIMI              GIUSEPPE,,3491322105,VCO MINCIO,57023,LI,,ITALY,
1394,GAVRILUTA           MARICICA,,3286080121,V   REPUBBLICA,57023,LI,,ITALY,
1395,GIORGI              NADIA,,3393317797,V   ADAMELLO,57023,LI,,ITALY,
1396,GIGI,,3388282078,VIA BOCCI 52,57023,LI,,ITALY,
1397,CAVALLINI           MARGHERITA,,3387718579,V   VALLE PARMIGIAN,57023,LI,,ITALY,
1398,RAFFAELE NESTI,,3384728050,VIA G LEOPARDI 15,57023,LI,,ITALY,
1399,FRILLI,,3355900275,V   LIVORNO,57023,LI,,ITALY,
1400,ANTONIO,,3342328471,VIA C. DI NASSIRIYA 1/B,57023,LI,,ITALY,
