Id,Contattato?,Nome,Cognome,Telefono,Indirizzo,Cap,Citta,Provincia,Regione,Stato
1707,contacted,Giovanni,Torsello,+393939241987,Via Papa,73013,LE,,ITALY,
1708,toContact,Vincenzo,Pomarico,+393939241987,Via Patu,73013,LE,,ITALY,
1709,toContact,Stefania,Tundo,+393475253991,Via Rossi,73013,LE,,ITALY,
1710,toContact,Francesco,Torsello,+393939241987,Via Verdi,73013,LE,,ITALY,
1711,contacted,Giorgio,Torsello,+393939241987,Via Bianchi,73013,LE,,ITALY,
1712,contacted,Alessandro,Torsello,+393939241987,Via XX Novembre,73013,LE,,ITALY,
