Id;Contattato?;Nome;Cognome;Telefono;Indirizzo;Cap;Citta;Provincia;Regione;Stato
1719;toContact;Giovanni;Torsello;+393939241987;Via Papa;73013;LE;;ITALY;
1720;contacted;Vincenzo;Pomarico;+393939241987;Via Patu;73013;LE;;ITALY;
1721;contacted;Stefania;Tundo;+393475253991;Via Rossi;73013;LE;;ITALY;
1722;contacted;Francesco;Torsello;+393939241987;Via Verdi;73013;LE;;ITALY;
1723;toContact;Giorgio;Torsello;+393939241987;Via Bianchi;73013;LE;;ITALY;
1724;contacted;Alessandro;Torsello;+393939241987;Via XX Novembre;73013;LE;;ITALY;
